id;nom;segment;departement;quartier;taille (chambres/lits/couverts/salaries);telephone;source;statut (a contacter/appele/rdv/vu/LOI/refus);date dernier contact;mode lavage actuel;volume kg/semaine;prix paye FCFA (kg ou piece);delai paiement jours;interet location (oui/non/?);potentiel 1-5;prochaine etape;fiche
1;Yaas Hotel Dakar Almadies;hotel;Dakar;Almadies;89 ch. (Kayak);;R3;a contacter;;;;;;;;;
2;Le Lodge des Almadies;hotel;Dakar;Almadies;37-38 ch.;;R2;R3;a contacter;;;;;;;;;
3;Fleur de Lys Almadies;hotel;Dakar;Almadies;~32 ch. (2022);;R1;a contacter;;;;;;;;;
4;La Residence (Almadies);hotel;Dakar;Almadies;~15 ch. (2022);;R1;a contacter;;;;;;;;;
5;Hotel Ngor Almadies;hotel;Dakar;Ngor;36 ch.;;R2;a contacter;;;;;;;;;
6;Hotel Le Virage;hotel;Dakar;Ngor;~63 ch. (2022);;R1;a contacter;;;;;;;;;
7;Francesca Guest House;hotel (maison d'hotes);Dakar;Ngor/Almadies;9 ch.;;R4;a contacter;;;;;;;;;
8;Kakatar Family Residence;residence;Dakar;Yoff;8 ch.;;R4;a contacter;;;;;;;;;
9;International Hotel Dakar;hotel;Dakar;Grand Yoff;? (4 etoiles);;R5;a contacter;;;;;;;;;
10;Terrou-Bi;hotel;Dakar;Corniche ouest / Fann;168 ch. + 100 en 2026 (trop gros ? a qualifier);;R6;R7;a contacter;;;;;;;;;
11;Le Djoloff Hotel;hotel;Dakar;Fann Hock;?;;R6;a contacter;;;;;;;;;
12;CasaMara Hotel;hotel;Dakar;Sicap Amitie 3;?;;R6;a contacter;;;;;;;;;
13;King Fahd Palace;hotel (grand);Dakar;Almadies;? (5 etoiles);;R1;a contacter;;;;;;;;;
14;Pullman Dakar Teranga;hotel (grand);Dakar;Plateau;? (5 etoiles);;R1;a contacter;;;;;;;;;
15;Novotel Dakar;hotel (grand);Dakar;Plateau;? (4 etoiles);;R1;a contacter;;;;;;;;;
16;Radisson Blu Dakar Sea Plaza;hotel (grand);Dakar;Corniche ouest;? (5 etoiles);;R8;a contacter;;;;;;;;;
17;Azalai Hotel Dakar;hotel;Dakar;?;? (4 etoiles);;R9;a contacter;;;;;;;;;
18;Four Points by Sheraton Dakar Diamniadio;hotel (grand);Rufisque;Diamniadio;173 ch.;;R10;a contacter;;;;;;;;;
19;Courtyard by Marriott Dakar Diamniadio;hotel;Rufisque;Diamniadio;?;;R10;a contacter;;;;;;;;;
20;Radisson Hotel Dakar Diamniadio;hotel;Rufisque;Diamniadio;? (blanchisserie sur place);;R10;a contacter;;;;;;;;;
21;Melia's Hotel Diamniadio;hotel;Rufisque;Diamniadio;?;;R10;a contacter;;;;;;;;;
22;Avo Sport Residence;residence;Rufisque;Diamniadio;?;;R10;a contacter;;;;;;;;;
23;Residence Khadija;residence;Rufisque;pres AIBD;?;;R10;a contacter;;;;;;;;;
24;Villa Yenne Dakar Diamniadio;hotel;Rufisque;Bargny Gouddau;?;;R10;a contacter;;;;;;;;;
25;Hotel et Parc Le Mbosse;hotel;Rufisque;Lac Rose;?;;R11;a contacter;;;;;;;;;
26;Le Trarza;hotel;Rufisque;Lac Rose;?;;R11;a contacter;;;;;;;;;
27;Hotel Palal du Lac Rose;hotel;Rufisque;Lac Rose;?;;R11;a contacter;;;;;;;;;
28;Le Calao du Lac Rose;hotel;Rufisque;Lac Rose;?;;R11;a contacter;;;;;;;;;
29;Hotel Colibri Lac Rose;hotel;Rufisque;Lac Rose;?;;R11;a contacter;;;;;;;;;
30;Clinique de la Madeleine;clinique;Dakar;Plateau;?;;R12;a contacter;;;;;;;;;
31;Clinique du Cap;clinique;Dakar;Plateau;?;;R12;a contacter;;;;;;;;;
32;Clinique Casahous;clinique;Dakar;Plateau;?;;R12;a contacter;;;;;;;;;
33;Clinique Pasteur;clinique;Dakar;Plateau;?;;R12;a contacter;;;;;;;;;
34;Clinique Hospitaliere Assiya;clinique;Dakar;Plateau;?;;R13;a contacter;;;;;;;;;
35;Clinique de la Famille;clinique;Dakar;Almadies;?;;R13;a contacter;;;;;;;;;
36;Clinique Sacre-Coeur 3;clinique;Dakar;Sacre-Coeur 3;?;;R13;a contacter;;;;;;;;;
37;Medic'Kane;clinique;Dakar;Sacre-Coeur;?;;R14;a contacter;;;;;;;;;
38;Clinique La Providence;clinique;Dakar;Cite Keur Gorgui;?;;R15;a contacter;;;;;;;;;
39;Clinique Cardio 24;clinique;Dakar;?;?;;R15;a contacter;;;;;;;;;
40;Clinique de l'Amitie;clinique;Dakar;HLM Grand Yoff;?;;R15;a contacter;;;;;;;;;
41;Clinique Ya Salam;clinique;Dakar;Sicap Fann Hock;?;;R15;a contacter;;;;;;;;;
42;Clinique Lansar;clinique;Pikine;Route des Niayes;?;33 837 56 83 (a verifier);R15;a contacter;;;;;;;;;
43;Clinique Kelebana;clinique;Pikine;Cite Sotiba;?;;R15;a contacter;;;;;;;;;
44;Clinique Internationale Ma Salam;clinique;Guediawaye;Mbode 3 (Notaire);?;;R15;a contacter;;;;;;;;;
45;Clinique Al Makhtoum;clinique;Keur Massar;Cite Mame Dior, route de Jaxaay;?;;R15;a contacter;;;;;;;;;
46;Clinique Yaye Marie;clinique;Keur Massar;Parcelles Assainies;?;;R15;a contacter;;;;;;;;;
47;Clinique Tounkara;clinique;Keur Massar;?;?;;R15;a contacter;;;;;;;;;
48;Clinique Maimouna;clinique;Rufisque;Route des HLM;?;;R15;a contacter;;;;;;;;;
49;Polyclinique Louis Pasteur;clinique;Rufisque;?;?;;R15;a contacter;;;;;;;;;
50;Clinique Medicale Rassoul;clinique;Rufisque;Bargny;?;33 836 04 30 (a verifier);R15;a contacter;;;;;;;;;
