Date de production;Centre de charge;Equipe;Code article;Désignation article;Temps d'ouverture (mn);Arrêts planifiés (mn);Arrêts panne (mn);Arrêts changement de série (mn);Arrêts réglage (mn);Arrêts manque composant (mn);Arrêts effectif (mn);Autres arrêts (mn);Nb interventions maintenance;Cadence théorique (p/mn);Qté lancée;Qté bonne 1er passage;Qté retouchée;Qté rebutée;Qté au programme;Effectif théorique;Effectif présent;Accidents AT;Presqu'accidents
01/10/2025;LA-01 Assemblage;Matin;ART-40120;Carter aluminium A20;480;40;41;30;0;0;0;0;1;15,0;4732;4627;42;63;5020;12;11;0;1
01/10/2025;LA-01 Assemblage;Après-midi;ART-40120;Carter aluminium A20;480;40;24;0;11;22;0;0;1;15,0;5429;5325;41;63;5366;12;12;0;0
01/10/2025;LU-02 Usinage;Matin;ART-51210;Support moteur S12;480;40;43;28;12;17;0;20;1;9,0;2779;2737;16;26;2809;8;8;0;0
01/10/2025;LU-02 Usinage;Après-midi;ART-51210;Support moteur S12;480;40;0;0;0;16;18;0;0;9,0;3416;3375;16;25;3495;8;8;0;0
01/10/2025;LU-02 Usinage;Nuit;ART-51210;Support moteur S12;450;40;38;0;0;0;38;16;1;9,0;2590;2566;9;15;2682;8;8;0;0
01/10/2025;LC-03 Conditionnement;Matin;ART-62400;Kit conditionné K4;480;40;38;37;10;0;23;0;1;22,0;6975;6919;22;34;7306;6;6;0;0
02/10/2025;LA-01 Assemblage;Matin;ART-40130;Carter aluminium A30;480;40;22;0;0;0;32;11;1;12,5;4242;4203;15;24;4393;12;12;0;0
02/10/2025;LA-01 Assemblage;Après-midi;ART-40130;Carter aluminium A30;480;40;33;17;0;31;0;11;1;12,5;3806;3783;9;14;3991;12;12;0;0
02/10/2025;LU-02 Usinage;Matin;ART-51810;Support moteur S18;480;40;45;17;0;0;0;0;1;7,5;2537;2486;20;31;2694;8;8;0;0
02/10/2025;LU-02 Usinage;Après-midi;ART-51810;Support moteur S18;480;40;0;39;7;0;17;0;0;7,5;2445;2403;16;26;2419;8;8;0;0
02/10/2025;LU-02 Usinage;Nuit;ART-51810;Support moteur S18;450;40;46;0;8;11;0;17;1;7,5;2349;2316;13;20;2352;8;8;0;0
02/10/2025;LC-03 Conditionnement;Matin;ART-62600;Kit conditionné K6;480;40;20;0;19;0;34;19;1;18,0;5543;5470;29;44;5611;6;5;0;0
03/10/2025;LA-01 Assemblage;Matin;ART-40120;Carter aluminium A20;480;109;43;0;11;21;0;12;1;15,0;4068;4011;22;35;4073;12;12;0;0
03/10/2025;LA-01 Assemblage;Après-midi;ART-40120;Carter aluminium A20;480;40;51;20;10;16;23;0;1;15,0;4440;4391;19;30;4500;12;12;0;0
03/10/2025;LU-02 Usinage;Matin;ART-51210;Support moteur S12;480;110;43;20;0;0;25;0;1;9,0;2398;2381;6;11;2486;8;8;0;0
03/10/2025;LU-02 Usinage;Après-midi;ART-51210;Support moteur S12;480;40;24;0;17;14;0;18;1;9,0;3022;2955;26;41;3137;8;7;0;0
03/10/2025;LU-02 Usinage;Nuit;ART-51210;Support moteur S12;450;40;62;19;0;25;18;0;2;9,0;2277;2233;17;27;2393;8;8;0;0
03/10/2025;LC-03 Conditionnement;Matin;ART-62400;Kit conditionné K4;480;111;31;0;6;0;0;0;1;22,0;6829;6706;49;74;7263;6;6;0;0
06/10/2025;LA-01 Assemblage;Matin;ART-40130;Carter aluminium A30;480;40;58;28;0;16;18;0;2;12,5;3540;3472;27;41;3722;12;12;0;0
06/10/2025;LA-01 Assemblage;Après-midi;ART-40130;Carter aluminium A30;480;40;0;20;12;0;0;0;0;12,5;4360;4290;28;42;4643;12;12;0;0
06/10/2025;LU-02 Usinage;Matin;ART-51810;Support moteur S18;480;40;29;0;9;0;30;9;1;7,5;2382;2353;11;18;2387;8;8;0;0
06/10/2025;LU-02 Usinage;Après-midi;ART-51810;Support moteur S18;480;40;26;32;0;47;0;22;1;7,5;2265;2244;8;13;2297;8;8;0;0
06/10/2025;LU-02 Usinage;Nuit;ART-51810;Support moteur S18;450;40;42;0;0;0;26;0;1;7,5;2398;2383;6;9;2462;8;8;0;0
06/10/2025;LC-03 Conditionnement;Matin;ART-62600;Kit conditionné K6;480;40;35;21;0;0;0;21;1;18,0;5651;5622;11;18;5867;6;6;0;0
07/10/2025;LA-01 Assemblage;Matin;ART-40120;Carter aluminium A20;480;40;40;0;0;0;17;0;1;15,0;5371;5338;13;20;5516;12;12;0;0
07/10/2025;LA-01 Assemblage;Après-midi;ART-40120;Carter aluminium A20;480;40;29;0;12;0;0;19;1;15,0;5158;5049;43;66;5304;12;12;0;0
07/10/2025;LU-02 Usinage;Matin;ART-51210;Support moteur S12;480;40;46;0;6;11;0;11;2;9,0;3046;2994;20;32;3206;8;8;0;0
07/10/2025;LU-02 Usinage;Après-midi;ART-51210;Support moteur S12;480;40;0;16;0;13;0;0;0;9,0;3310;3263;18;29;3527;8;8;0;0
07/10/2025;LU-02 Usinage;Nuit;ART-51210;Support moteur S12;450;40;0;0;6;0;23;8;0;9,0;2903;2871;12;20;2883;8;8;0;0
07/10/2025;LC-03 Conditionnement;Matin;ART-62400;Kit conditionné K4;480;40;43;40;0;19;10;0;1;22,0;6602;6535;26;41;6627;6;6;0;0
08/10/2025;LA-01 Assemblage;Matin;ART-40130;Carter aluminium A30;480;85;0;0;13;0;32;16;0;12,5;3611;3571;16;24;3587;12;12;0;0
08/10/2025;LA-01 Assemblage;Après-midi;ART-40130;Carter aluminium A30;480;40;27;17;0;13;0;19;1;12,5;4345;4310;14;21;4367;12;12;0;0
08/10/2025;LU-02 Usinage;Matin;ART-51810;Support moteur S18;480;85;27;0;0;0;0;21;1;7,5;2225;2176;19;30;2262;8;7;0;0
08/10/2025;LU-02 Usinage;Après-midi;ART-51810;Support moteur S18;480;40;49;37;13;0;0;0;1;7,5;2416;2370;18;28;2487;8;8;0;1
08/10/2025;LU-02 Usinage;Nuit;ART-51810;Support moteur S18;450;40;27;0;17;17;0;13;1;7,5;2305;2268;14;23;2402;8;8;0;0
08/10/2025;LC-03 Conditionnement;Matin;ART-62600;Kit conditionné K6;480;85;38;33;7;0;24;8;1;18,0;4950;4875;30;45;5218;6;6;0;0
09/10/2025;LA-01 Assemblage;Matin;ART-40120;Carter aluminium A20;480;40;19;0;7;26;0;14;1;15,0;5133;5050;33;50;5350;12;12;0;0
09/10/2025;LA-01 Assemblage;Après-midi;ART-40120;Carter aluminium A20;480;40;41;52;0;31;13;0;1;15,0;4022;3969;21;32;4244;12;11;0;0
09/10/2025;LU-02 Usinage;Matin;ART-51210;Support moteur S12;480;40;26;0;0;21;25;0;1;9,0;2997;2970;10;17;2980;8;8;0;0
09/10/2025;LU-02 Usinage;Après-midi;ART-51210;Support moteur S12;480;40;17;0;10;0;27;20;1;9,0;2882;2864;7;11;2900;8;8;0;0
09/10/2025;LU-02 Usinage;Nuit;ART-51210;Support moteur S12;450;40;23;31;0;32;25;17;1;9,0;2449;2397;20;32;2466;8;8;0;0
09/10/2025;LC-03 Conditionnement;Matin;ART-62400;Kit conditionné K4;480;40;20;0;0;0;0;14;1;22,0;7994;7834;64;96;8142;6;6;0;0
10/10/2025;LA-01 Assemblage;Matin;ART-40130;Carter aluminium A30;480;40;41;28;0;30;10;14;1;12,5;3823;3742;32;49;3851;12;12;0;0
10/10/2025;LA-01 Assemblage;Après-midi;ART-40130;Carter aluminium A30;480;40;56;35;0;0;0;0;1;12,5;4078;4004;29;45;4157;12;12;0;1
10/10/2025;LU-02 Usinage;Matin;ART-51810;Support moteur S18;480;40;0;21;5;0;29;9;0;7,5;2693;2655;15;23;2810;8;8;0;0
10/10/2025;LU-02 Usinage;Après-midi;ART-51810;Support moteur S18;480;40;19;21;14;15;0;9;1;7,5;2511;2483;11;17;2653;8;8;0;0
10/10/2025;LU-02 Usinage;Nuit;ART-51810;Support moteur S18;450;40;0;0;0;23;14;0;0;7,5;2503;2482;8;13;2677;8;8;0;0
10/10/2025;LC-03 Conditionnement;Matin;ART-62600;Kit conditionné K6;480;40;27;0;0;23;0;12;1;18,0;6429;6383;18;28;6401;6;6;0;0
13/10/2025;LA-01 Assemblage;Matin;ART-40120;Carter aluminium A20;480;101;0;0;0;17;19;0;0;15,0;4604;4567;14;23;4925;12;12;0;0
13/10/2025;LA-01 Assemblage;Après-midi;ART-40120;Carter aluminium A20;480;40;30;0;0;0;16;17;1;15,0;4891;4866;10;15;4876;12;12;0;0
13/10/2025;LU-02 Usinage;Matin;ART-51210;Support moteur S12;480;102;15;0;12;22;0;20;1;9,0;2461;2414;18;29;2481;8;8;0;0
13/10/2025;LU-02 Usinage;Après-midi;ART-51210;Support moteur S12;480;40;22;28;0;0;0;0;1;9,0;3001;2952;19;30;3062;8;8;0;0
13/10/2025;LU-02 Usinage;Nuit;ART-51210;Support moteur S12;450;40;0;35;12;0;29;0;0;9,0;2840;2803;14;23;2934;8;7;0;0
13/10/2025;LC-03 Conditionnement;Matin;ART-62400;Kit conditionné K4;480;103;31;29;0;28;18;0;1;22,0;5216;5153;25;38;5450;6;6;0;0
14/10/2025;LA-01 Assemblage;Matin;ART-40130;Carter aluminium A30;480;40;0;37;9;0;30;0;0;12,5;4299;4243;22;34;4442;12;11;0;0
14/10/2025;LA-01 Assemblage;Après-midi;ART-40130;Carter aluminium A30;480;40;46;0;17;12;0;22;1;12,5;3923;3883;16;24;4104;12;12;0;0
14/10/2025;LU-02 Usinage;Matin;ART-51810;Support moteur S18;480;40;0;0;0;23;0;10;0;7,5;2854;2836;7;11;3056;8;8;0;0
14/10/2025;LU-02 Usinage;Après-midi;ART-51810;Support moteur S18;480;40;24;19;0;0;15;0;1;7,5;2592;2537;22;33;2559;8;8;0;0
14/10/2025;LU-02 Usinage;Nuit;ART-51810;Support moteur S18;450;40;20;0;12;26;0;14;1;7,5;2218;2178;16;24;2216;8;8;0;0
14/10/2025;LC-03 Conditionnement;Matin;ART-62600;Kit conditionné K6;480;40;42;16;11;0;30;19;1;18,0;5361;5269;36;56;5413;6;6;0;1
15/10/2025;LA-01 Assemblage;Matin;ART-40120;Carter aluminium A20;480;40;19;0;11;29;0;11;1;15,0;4856;4768;35;53;4851;12;12;0;0
15/10/2025;LA-01 Assemblage;Après-midi;ART-40120;Carter aluminium A20;480;40;65;16;0;14;19;0;2;15,0;4718;4647;28;43;4770;12;12;0;0
15/10/2025;LU-02 Usinage;Matin;ART-51210;Support moteur S12;480;40;0;14;0;26;10;0;0;9,0;3036;3002;13;21;3140;8;8;0;0
15/10/2025;LU-02 Usinage;Après-midi;ART-51210;Support moteur S12;480;40;19;0;7;0;23;17;1;9,0;3214;3188;10;16;3366;8;8;0;0
15/10/2025;LU-02 Usinage;Nuit;ART-51210;Support moteur S12;450;40;38;14;0;44;0;10;1;9,0;2530;2517;5;8;2682;8;8;0;0
15/10/2025;LC-03 Conditionnement;Matin;ART-62400;Kit conditionné K4;480;40;0;0;0;0;31;15;0;22,0;7411;7247;65;99;7862;6;5;0;0
16/10/2025;LA-01 Assemblage;Matin;ART-40130;Carter aluminium A30;480;40;36;23;0;48;0;18;1;12,5;3642;3623;7;12;3861;12;12;0;0
16/10/2025;LA-01 Assemblage;Après-midi;ART-40130;Carter aluminium A30;480;40;54;0;0;0;12;0;1;12,5;4184;4100;33;51;4444;12;12;0;0
16/10/2025;LU-02 Usinage;Matin;ART-51810;Support moteur S18;480;40;31;29;12;0;34;0;1;7,5;2292;2255;14;23;2291;8;8;0;1
16/10/2025;LU-02 Usinage;Après-midi;ART-51810;Support moteur S18;480;40;56;0;15;23;0;21;2;7,5;2157;2128;11;18;2182;8;7;0;0
16/10/2025;LU-02 Usinage;Nuit;ART-51810;Support moteur S18;450;40;0;13;0;22;0;0;0;7,5;2404;2379;10;15;2462;8;8;0;0
16/10/2025;LC-03 Conditionnement;Matin;ART-62600;Kit conditionné K6;480;40;0;0;7;27;0;9;0;18,0;6467;6408;23;36;6698;6;6;0;0
17/10/2025;LA-01 Assemblage;Matin;ART-40120;Carter aluminium A20;480;40;0;26;0;22;0;0;0;15,0;5027;4976;20;31;5150;12;12;0;0
17/10/2025;LA-01 Assemblage;Après-midi;ART-40120;Carter aluminium A20;480;40;0;0;11;0;30;15;0;15,0;5443;5404;15;24;5644;12;12;0;0
17/10/2025;LU-02 Usinage;Matin;ART-51210;Support moteur S12;480;40;36;0;10;13;27;11;1;9,0;2978;2915;25;38;3127;8;8;0;0
17/10/2025;LU-02 Usinage;Après-midi;ART-51210;Support moteur S12;480;40;42;0;0;0;0;9;1;9,0;3273;3214;23;36;3480;8;8;0;0
17/10/2025;LU-02 Usinage;Nuit;ART-51210;Support moteur S12;450;40;56;34;11;0;0;0;1;9,0;2516;2478;15;23;2493;8;8;0;1
17/10/2025;LC-03 Conditionnement;Matin;ART-62400;Kit conditionné K4;480;40;36;23;0;22;22;0;1;22,0;7080;6980;40;60;7090;6;6;0;0
20/10/2025;LA-01 Assemblage;Matin;ART-40130;Carter aluminium A30;480;40;27;21;7;0;0;0;1;12,5;4355;4289;26;40;4315;12;12;0;1
20/10/2025;LA-01 Assemblage;Après-midi;ART-40130;Carter aluminium A30;480;40;25;0;10;15;0;13;1;12,5;4123;4073;20;30;4134;12;12;0;0
20/10/2025;LU-02 Usinage;Matin;ART-51810;Support moteur S18;480;40;0;0;12;24;0;0;0;7,5;2711;2689;8;14;2780;8;8;0;0
20/10/2025;LU-02 Usinage;Après-midi;ART-51810;Support moteur S18;480;40;34;0;0;19;10;0;1;7,5;2445;2432;5;8;2538;8;8;0;0
20/10/2025;LU-02 Usinage;Nuit;ART-51810;Support moteur S18;450;40;26;0;8;0;15;16;1;7,5;2471;2421;20;30;2569;8;8;0;0
20/10/2025;LC-03 Conditionnement;Matin;ART-62600;Kit conditionné K6;480;40;21;26;5;0;59;0;1;18,0;5240;5140;40;60;5510;6;6;0;0
21/10/2025;LA-01 Assemblage;Matin;ART-40120;Carter aluminium A20;480;118;16;0;16;0;16;19;1;15,0;4225;4140;34;51;4393;12;12;0;0
21/10/2025;LA-01 Assemblage;Après-midi;ART-40120;Carter aluminium A20;480;40;18;31;0;28;23;10;1;15,0;4578;4500;31;47;4820;12;12;0;0
21/10/2025;LU-02 Usinage;Matin;ART-51210;Support moteur S12;480;119;46;30;0;19;0;0;1;9,0;2262;2232;12;18;2244;8;7;0;0
21/10/2025;LU-02 Usinage;Après-midi;ART-51210;Support moteur S12;480;40;0;20;11;0;36;16;0;9,0;2939;2909;12;18;2950;8;8;0;0
21/10/2025;LU-02 Usinage;Nuit;ART-51210;Support moteur S12;450;40;41;18;17;21;0;15;1;9,0;2373;2356;6;11;2410;8;8;0;0
21/10/2025;LC-03 Conditionnement;Matin;ART-62400;Kit conditionné K4;480;95;0;0;8;0;18;0;0;22,0;7384;7339;18;27;7584;6;6;0;0
22/10/2025;LA-01 Assemblage;Matin;ART-40130;Carter aluminium A30;480;40;36;25;10;23;0;16;1;12,5;3650;3624;10;16;3708;12;12;0;0
22/10/2025;LA-01 Assemblage;Après-midi;ART-40130;Carter aluminium A30;480;40;0;0;0;13;22;0;0;12,5;4328;4232;38;58;4402;12;11;0;0
22/10/2025;LU-02 Usinage;Matin;ART-51810;Support moteur S18;480;40;50;25;12;0;16;0;1;7,5;2211;2171;16;24;2302;8;8;0;0
22/10/2025;LU-02 Usinage;Après-midi;ART-51810;Support moteur S18;480;40;33;0;17;28;0;24;1;7,5;2446;2409;14;23;2577;8;8;0;0
22/10/2025;LU-02 Usinage;Nuit;ART-51810;Support moteur S18;450;40;46;18;0;0;0;0;1;7,5;2426;2396;12;18;2589;8;8;0;0
22/10/2025;LC-03 Conditionnement;Matin;ART-62600;Kit conditionné K6;480;40;19;0;15;22;0;0;1;18,0;5978;5912;26;40;5938;6;6;0;0
23/10/2025;LA-01 Assemblage;Matin;ART-40120;Carter aluminium A20;480;85;39;26;0;0;0;0;1;15,0;4628;4572;22;34;4939;12;12;0;0
23/10/2025;LA-01 Assemblage;Après-midi;ART-40120;Carter aluminium A20;480;40;0;28;5;0;21;0;0;15,0;5239;5191;19;29;5210;12;12;0;0
23/10/2025;LU-02 Usinage;Matin;ART-51210;Support moteur S12;480;85;28;0;15;0;37;17;1;9,0;2480;2467;5;8;2522;8;8;0;0
23/10/2025;LU-02 Usinage;Après-midi;ART-51210;Support moteur S12;480;40;0;0;0;21;0;15;0;9,0;3254;3188;26;40;3313;8;8;0;0
23/10/2025;LU-02 Usinage;Nuit;ART-51210;Support moteur S12;450;40;53;39;0;0;26;0;1;9,0;2273;2234;15;24;2342;8;8;0;0
23/10/2025;LC-03 Conditionnement;Matin;ART-62400;Kit conditionné K4;480;85;44;27;0;23;0;10;1;22,0;5857;5763;37;57;6105;6;6;0;0
24/10/2025;LA-01 Assemblage;Matin;ART-40130;Carter aluminium A30;480;40;49;33;0;0;10;0;1;12,5;3762;3698;25;39;3878;12;12;0;0
24/10/2025;LA-01 Assemblage;Après-midi;ART-40130;Carter aluminium A30;480;40;17;0;16;29;0;9;1;12,5;4404;4342;24;38;4595;12;12;0;0
24/10/2025;LU-02 Usinage;Matin;ART-51810;Support moteur S18;480;40;24;0;13;0;0;0;1;7,5;2584;2558;10;16;2761;8;8;0;0
24/10/2025;LU-02 Usinage;Après-midi;ART-51810;Support moteur S18;480;40;0;22;0;31;25;0;0;7,5;2565;2547;7;11;2554;8;8;0;0
24/10/2025;LU-02 Usinage;Nuit;ART-51810;Support moteur S18;450;40;36;0;10;0;31;18;1;7,5;2161;2113;19;29;2153;8;7;0;0
24/10/2025;LC-03 Conditionnement;Matin;ART-62600;Kit conditionné K6;480;40;36;26;12;26;12;0;1;18,0;5697;5577;48;72;5739;6;6;0;0
27/10/2025;LA-01 Assemblage;Matin;ART-40120;Carter aluminium A20;480;40;93;0;12;0;14;17;1;15,0;4172;4080;36;56;4157;12;11;0;0
27/10/2025;LA-01 Assemblage;Après-midi;ART-40120;Carter aluminium A20;480;40;119;23;0;45;0;10;1;15,0;3225;3163;24;38;3252;12;12;0;0
27/10/2025;LU-02 Usinage;Matin;ART-51210;Support moteur S12;480;40;122;21;0;0;0;10;1;9,0;2337;2301;14;22;2411;8;8;0;0
27/10/2025;LU-02 Usinage;Après-midi;ART-51210;Support moteur S12;480;40;109;36;8;0;32;0;1;9,0;2008;1983;10;15;2097;8;8;0;1
27/10/2025;LU-02 Usinage;Nuit;ART-51210;Support moteur S12;450;40;214;0;15;29;0;11;2;9,0;1224;1212;4;8;1293;8;8;0;0
27/10/2025;LC-03 Conditionnement;Matin;ART-62400;Kit conditionné K4;480;40;0;28;4;0;0;0;0;22,0;8033;7968;26;39;8595;6;6;0;0
28/10/2025;LA-01 Assemblage;Matin;ART-40130;Carter aluminium A30;480;40;62;0;6;25;0;16;2;12,5;3992;3956;14;22;4223;12;12;0;0
28/10/2025;LA-01 Assemblage;Après-midi;ART-40130;Carter aluminium A30;480;40;0;18;0;34;0;0;0;12,5;4534;4506;11;17;4856;12;12;0;0
28/10/2025;LU-02 Usinage;Matin;ART-51810;Support moteur S18;480;40;51;36;0;25;23;0;1;7,5;2184;2140;17;27;2178;8;8;0;0
28/10/2025;LU-02 Usinage;Après-midi;ART-51810;Support moteur S18;480;40;37;0;12;22;29;14;1;7,5;2261;2222;15;24;2282;8;8;0;0
28/10/2025;LU-02 Usinage;Nuit;ART-51810;Support moteur S18;450;40;24;0;0;0;0;14;1;7,5;2497;2462;14;21;2552;8;8;0;0
28/10/2025;LC-03 Conditionnement;Matin;ART-62600;Kit conditionné K6;480;40;23;0;10;0;0;14;1;18,0;6684;6597;34;53;6907;6;5;0;0
29/10/2025;LA-01 Assemblage;Matin;ART-40120;Carter aluminium A20;480;110;40;0;0;0;0;22;1;15,0;4134;4076;23;35;4225;12;12;0;0
29/10/2025;LA-01 Assemblage;Après-midi;ART-40120;Carter aluminium A20;480;40;48;23;5;0;0;0;1;15,0;4722;4670;20;32;4885;12;12;0;1
29/10/2025;LU-02 Usinage;Matin;ART-51210;Support moteur S12;480;111;19;20;13;0;36;9;1;9,0;2166;2150;6;10;2293;8;8;0;0
29/10/2025;LU-02 Usinage;Après-midi;ART-51210;Support moteur S12;480;40;0;0;7;25;0;0;0;9,0;3139;3069;28;42;3330;8;7;0;0
29/10/2025;LU-02 Usinage;Nuit;ART-51210;Support moteur S12;450;40;56;0;0;33;18;0;1;9,0;2577;2528;19;30;2547;8;8;0;0
29/10/2025;LC-03 Conditionnement;Matin;ART-62400;Kit conditionné K4;480;112;36;25;0;17;0;15;1;22,0;5293;5197;38;58;5287;6;6;0;0
30/10/2025;LA-01 Assemblage;Matin;ART-40130;Carter aluminium A30;480;40;25;0;0;26;25;0;1;12,5;4299;4217;32;50;4249;12;12;0;0
30/10/2025;LA-01 Assemblage;Après-midi;ART-40130;Carter aluminium A30;480;40;33;0;9;0;21;16;1;12,5;4128;4061;26;41;4128;12;12;0;0
30/10/2025;LU-02 Usinage;Matin;ART-51810;Support moteur S18;480;40;34;0;0;0;0;14;1;7,5;2748;2715;13;20;2812;8;8;0;0
30/10/2025;LU-02 Usinage;Après-midi;ART-51810;Support moteur S18;480;40;23;24;0;27;0;0;1;7,5;2484;2461;9;14;2572;8;8;0;0
30/10/2025;LU-02 Usinage;Nuit;ART-51810;Support moteur S18;450;40;0;38;9;0;19;13;0;7,5;2172;2158;5;9;2276;8;8;0;0
30/10/2025;LC-03 Conditionnement;Matin;ART-62600;Kit conditionné K6;480;40;33;42;0;32;22;0;1;18,0;5178;5152;10;16;5491;6;6;0;0
31/10/2025;LA-01 Assemblage;Matin;ART-40120;Carter aluminium A20;480;40;0;38;6;0;22;13;0;15,0;4738;4709;11;18;4968;12;12;0;0
31/10/2025;LA-01 Assemblage;Après-midi;ART-40120;Carter aluminium A20;480;40;21;20;8;17;0;22;1;15,0;5095;4988;42;65;5351;12;12;0;0
31/10/2025;LU-02 Usinage;Matin;ART-51210;Support moteur S12;480;40;41;0;0;13;0;21;1;9,0;2841;2792;19;30;2811;8;8;0;0
31/10/2025;LU-02 Usinage;Après-midi;ART-51210;Support moteur S12;480;40;23;38;9;0;22;0;1;9,0;2991;2949;16;26;2994;8;8;0;0
31/10/2025;LU-02 Usinage;Nuit;ART-51210;Support moteur S12;450;40;26;0;14;20;0;36;1;9,0;2614;2585;11;18;2648;8;8;0;0
31/10/2025;LC-03 Conditionnement;Matin;ART-62400;Kit conditionné K4;480;40;54;25;0;0;0;0;1;22,0;6790;6722;27;41;6957;6;6;0;1
03/11/2025;LA-01 Assemblage;Matin;ART-40130;Carter aluminium A30;480;40;36;0;9;17;0;25;1;12,5;4081;4036;18;27;4136;12;12;0;0
03/11/2025;LA-01 Assemblage;Après-midi;ART-40130;Carter aluminium A30;480;40;38;23;0;0;0;0;1;12,5;4240;4206;13;21;4349;12;12;0;0
03/11/2025;LU-02 Usinage;Matin;ART-51810;Support moteur S18;480;40;54;31;0;22;26;0;1;7,5;2106;2059;18;29;2186;8;7;0;0
03/11/2025;LU-02 Usinage;Après-midi;ART-51810;Support moteur S18;480;40;28;0;22;0;32;17;1;7,5;2263;2220;17;26;2379;8;8;0;0
03/11/2025;LU-02 Usinage;Nuit;ART-51810;Support moteur S18;450;40;0;0;0;22;0;21;0;7,5;2353;2315;15;23;2505;8;8;0;0
03/11/2025;LC-03 Conditionnement;Matin;ART-62600;Kit conditionné K6;480;40;37;0;0;0;21;10;1;18,0;6059;5968;36;55;6004;6;6;0;0
04/11/2025;LA-01 Assemblage;Matin;ART-40120;Carter aluminium A20;480;40;0;0;0;23;0;18;0;15,0;5117;5035;32;50;5448;12;12;0;0
04/11/2025;LA-01 Assemblage;Après-midi;ART-40120;Carter aluminium A20;480;40;43;24;0;0;17;0;1;15,0;5046;4980;26;40;5006;12;11;0;0
04/11/2025;LU-02 Usinage;Matin;ART-51210;Support moteur S12;480;40;31;39;7;0;29;10;1;9,0;2813;2787;10;16;2854;8;8;0;1
04/11/2025;LU-02 Usinage;Après-midi;ART-51210;Support moteur S12;480;40;21;0;10;0;0;0;1;9,0;3441;3420;8;13;3534;8;8;0;0
04/11/2025;LU-02 Usinage;Nuit;ART-51210;Support moteur S12;450;40;0;23;0;15;16;0;0;9,0;2899;2838;24;37;2981;8;8;0;0
04/11/2025;LC-03 Conditionnement;Matin;ART-62400;Kit conditionné K4;480;40;25;0;13;29;0;19;1;22,0;7437;7288;59;90;7733;6;6;0;0
05/11/2025;LA-01 Assemblage;Matin;ART-40130;Carter aluminium A30;480;40;0;14;0;16;23;0;0;12,5;4377;4285;36;56;4501;12;12;0;0
05/11/2025;LA-01 Assemblage;Après-midi;ART-40130;Carter aluminium A30;480;40;32;0;10;0;27;18;1;12,5;3860;3790;28;42;4018;12;12;0;0
05/11/2025;LU-02 Usinage;Matin;ART-51810;Support moteur S18;480;40;0;0;0;0;36;11;0;7,5;2638;2601;14;23;2811;8;8;0;0
05/11/2025;LU-02 Usinage;Après-midi;ART-51810;Support moteur S18;480;40;18;13;0;0;0;18;1;7,5;2536;2508;11;17;2519;8;8;0;0
05/11/2025;LU-02 Usinage;Nuit;ART-51810;Support moteur S18;450;40;25;17;6;0;31;0;1;7,5;2370;2351;7;12;2381;8;8;0;1
05/11/2025;LC-03 Conditionnement;Matin;ART-62600;Kit conditionné K6;480;40;71;16;0;34;22;0;2;18,0;4731;4697;13;21;4806;6;6;0;0
06/11/2025;LA-01 Assemblage;Matin;ART-40120;Carter aluminium A20;480;102;55;16;10;0;30;0;1;15,0;3824;3793;12;19;3843;12;12;0;1
06/11/2025;LA-01 Assemblage;Après-midi;ART-40120;Carter aluminium A20;480;40;55;0;9;28;0;23;2;15,0;4509;4486;9;14;4586;12;12;0;0
06/11/2025;LU-02 Usinage;Matin;ART-51210;Support moteur S12;480;103;0;0;15;18;0;20;0;9,0;2755;2702;21;32;2836;8;8;0;0
06/11/2025;LU-02 Usinage;Après-midi;ART-51210;Support moteur S12;480;40;31;17;0;16;11;0;1;9,0;3005;2956;19;30;3131;8;8;0;0
06/11/2025;LU-02 Usinage;Nuit;ART-51210;Support moteur S12;450;40;23;0;10;24;34;14;1;9,0;2429;2397;12;20;2562;8;7;0;0
06/11/2025;LC-03 Conditionnement;Matin;ART-62400;Kit conditionné K4;480;104;47;0;0;0;16;0;1;22,0;6438;6360;31;47;6872;6;6;0;0
07/11/2025;LA-01 Assemblage;Matin;ART-40130;Carter aluminium A30;480;85;29;0;8;24;31;18;1;12,5;3152;3111;16;25;3326;12;11;0;0
07/11/2025;LA-01 Assemblage;Après-midi;ART-40130;Carter aluminium A30;480;40;26;0;0;0;0;16;1;12,5;4253;4210;17;26;4545;12;12;0;0
07/11/2025;LU-02 Usinage;Matin;ART-51810;Support moteur S18;480;85;29;26;0;26;11;0;1;7,5;1988;1976;4;8;2000;8;8;0;0
07/11/2025;LU-02 Usinage;Après-midi;ART-51810;Support moteur S18;480;40;23;39;7;0;31;18;1;7,5;2330;2281;19;30;2346;8;8;0;0
07/11/2025;LU-02 Usinage;Nuit;ART-51810;Support moteur S18;450;40;0;0;12;29;0;0;0;7,5;2587;2540;18;29;2637;8;8;0;0
07/11/2025;LC-03 Conditionnement;Matin;ART-62600;Kit conditionné K6;480;85;0;0;7;0;25;18;0;18,0;5371;5279;36;56;5536;6;6;0;0
10/11/2025;LA-01 Assemblage;Matin;ART-40120;Carter aluminium A20;480;40;0;0;8;19;0;0;0;15,0;5792;5687;42;63;5906;12;12;0;0
10/11/2025;LA-01 Assemblage;Après-midi;ART-40120;Carter aluminium A20;480;40;55;0;0;32;20;0;1;15,0;4520;4452;27;41;4665;12;12;0;0
10/11/2025;LU-02 Usinage;Matin;ART-51210;Support moteur S12;480;40;52;26;5;0;30;0;1;9,0;2722;2692;12;18;2876;8;8;0;0
10/11/2025;LU-02 Usinage;Après-midi;ART-51210;Support moteur S12;480;40;38;0;0;0;0;12;1;9,0;3141;3115;10;16;3360;8;8;0;0
10/11/2025;LU-02 Usinage;Nuit;ART-51210;Support moteur S12;450;40;23;28;0;29;0;0;1;9,0;2569;2556;5;8;2561;8;8;0;0
10/11/2025;LC-03 Conditionnement;Matin;ART-62400;Kit conditionné K4;480;40;22;0;12;16;0;19;1;22,0;7468;7303;66;99;7443;6;5;0;0
12/11/2025;LA-01 Assemblage;Matin;ART-40130;Carter aluminium A30;480;40;37;12;0;20;0;0;1;12,5;4011;3990;8;13;3998;12;12;0;0
12/11/2025;LA-01 Assemblage;Après-midi;ART-40130;Carter aluminium A30;480;40;0;29;8;0;18;20;0;12,5;4357;4269;35;53;4347;12;12;0;0
12/11/2025;LU-02 Usinage;Matin;ART-51810;Support moteur S18;480;40;0;0;11;0;28;0;0;7,5;2571;2529;16;26;2623;8;8;0;0
12/11/2025;LU-02 Usinage;Après-midi;ART-51810;Support moteur S18;480;40;42;0;0;24;0;8;1;7,5;2594;2560;13;21;2680;8;7;0;0
12/11/2025;LU-02 Usinage;Nuit;ART-51810;Support moteur S18;450;40;30;33;7;0;11;0;1;7,5;2257;2234;9;14;2361;8;8;0;0
12/11/2025;LC-03 Conditionnement;Matin;ART-62600;Kit conditionné K6;480;40;38;23;0;15;18;19;1;18,0;5679;5627;20;32;6007;6;6;0;0
13/11/2025;LA-01 Assemblage;Matin;ART-40120;Carter aluminium A20;480;40;54;30;8;0;14;0;1;15,0;4584;4538;18;28;4795;12;12;0;0
13/11/2025;LA-01 Assemblage;Après-midi;ART-40120;Carter aluminium A20;480;40;31;0;15;11;0;33;1;15,0;4646;4613;13;20;4921;12;12;0;0
13/11/2025;LU-02 Usinage;Matin;ART-51210;Support moteur S12;480;40;24;0;12;15;0;0;1;9,0;3168;3101;26;41;3127;8;8;0;0
13/11/2025;LU-02 Usinage;Après-midi;ART-51210;Support moteur S12;480;40;36;30;0;15;10;0;1;9,0;2748;2698;20;30;2745;8;8;0;0
13/11/2025;LU-02 Usinage;Nuit;ART-51210;Support moteur S12;450;40;16;0;22;0;32;20;1;9,0;2779;2737;16;26;2809;8;8;0;0
13/11/2025;LC-03 Conditionnement;Matin;ART-62400;Kit conditionné K4;480;40;0;0;0;33;16;0;0;22,0;7698;7590;43;65;7869;6;6;0;0
14/11/2025;LA-01 Assemblage;Matin;ART-40130;Carter aluminium A30;480;40;31;0;23;0;34;17;1;12,5;4040;3979;24;37;4084;12;12;0;0
14/11/2025;LA-01 Assemblage;Après-midi;ART-40130;Carter aluminium A30;480;40;0;0;0;14;0;15;0;12,5;4803;4745;23;35;4915;12;12;0;0
14/11/2025;LU-02 Usinage;Matin;ART-51810;Support moteur S18;480;40;21;13;0;26;0;21;1;7,5;2571;2550;8;13;2692;8;8;0;0
14/11/2025;LU-02 Usinage;Après-midi;ART-51810;Support moteur S18;480;40;36;32;8;0;33;10;1;7,5;2226;2214;4;8;2359;8;8;0;1
14/11/2025;LU-02 Usinage;Nuit;ART-51810;Support moteur S18;450;40;17;0;11;0;0;0;1;7,5;2564;2512;20;32;2722;8;8;0;0
14/11/2025;LC-03 Conditionnement;Matin;ART-62600;Kit conditionné K6;480;40;0;25;13;0;18;0;0;18,0;6531;6406;50;75;6456;6;6;0;0
17/11/2025;LA-01 Assemblage;Matin;ART-40120;Carter aluminium A20;480;119;19;0;14;0;0;0;1;15,0;4403;4314;35;54;4676;12;12;0;0
17/11/2025;LA-01 Assemblage;Après-midi;ART-40120;Carter aluminium A20;480;40;0;15;0;19;18;0;0;15,0;5034;4948;34;52;4982;12;12;0;0
17/11/2025;LU-02 Usinage;Matin;ART-51210;Support moteur S12;480;95;42;18;10;28;19;0;1;9,0;2134;2106;11;17;2160;8;7;0;0
17/11/2025;LU-02 Usinage;Après-midi;ART-51210;Support moteur S12;480;40;0;0;0;0;29;9;0;9,0;3093;3062;12;19;3169;8;8;0;0
17/11/2025;LU-02 Usinage;Nuit;ART-51210;Support moteur S12;450;40;31;25;0;0;0;23;1;9,0;2815;2795;8;12;2919;8;8;0;0
17/11/2025;LC-03 Conditionnement;Matin;ART-62400;Kit conditionné K4;480;96;18;0;14;29;0;11;1;22,0;6006;5969;14;23;6297;6;6;0;0
18/11/2025;LA-01 Assemblage;Matin;ART-40130;Carter aluminium A30;480;40;45;30;0;0;0;13;1;12,5;4158;4128;12;18;4312;12;12;1;0
18/11/2025;LA-01 Assemblage;Après-midi;ART-40130;Carter aluminium A30;480;40;30;18;7;0;20;0;1;12,5;4174;4082;36;56;4334;12;11;0;1
18/11/2025;LU-02 Usinage;Matin;ART-51810;Support moteur S18;480;40;0;41;9;0;0;0;0;7,5;2734;2684;20;30;2907;8;8;0;0
18/11/2025;LU-02 Usinage;Après-midi;ART-51810;Support moteur S18;480;40;0;0;9;27;0;16;0;7,5;2633;2593;16;24;2609;8;8;0;0
18/11/2025;LU-02 Usinage;Nuit;ART-51810;Support moteur S18;450;40;29;22;0;30;10;0;1;7,5;2093;2067;10;16;2097;8;8;0;0
18/11/2025;LC-03 Conditionnement;Matin;ART-62600;Kit conditionné K6;480;40;30;12;0;60;0;22;1;18,0;5261;5203;23;35;5332;6;6;0;0
19/11/2025;LA-01 Assemblage;Matin;ART-40120;Carter aluminium A20;480;40;26;25;0;23;9;0;1;15,0;4685;4628;22;35;4696;12;12;0;0
19/11/2025;LA-01 Assemblage;Après-midi;ART-40120;Carter aluminium A20;480;40;16;0;9;20;20;8;1;15,0;5312;5264;19;29;5390;12;12;0;0
19/11/2025;LU-02 Usinage;Matin;ART-51210;Support moteur S12;480;40;16;0;11;0;0;19;1;9,0;3067;3051;6;10;3184;8;8;0;0
19/11/2025;LU-02 Usinage;Après-midi;ART-51210;Support moteur S12;480;40;40;30;0;23;11;0;1;9,0;2887;2829;23;35;3002;8;8;0;0
19/11/2025;LU-02 Usinage;Nuit;ART-51210;Support moteur S12;450;40;25;39;10;0;17;11;1;9,0;2564;2520;17;27;2698;8;8;0;0
19/11/2025;LC-03 Conditionnement;Matin;ART-62400;Kit conditionné K4;480;40;0;17;0;14;0;0;0;22,0;7693;7569;49;75;8191;6;6;0;0
20/11/2025;LA-01 Assemblage;Matin;ART-40130;Carter aluminium A30;480;40;36;23;6;0;16;19;1;12,5;3931;3864;26;41;4138;12;12;0;0
20/11/2025;LA-01 Assemblage;Après-midi;ART-40130;Carter aluminium A30;480;40;0;0;8;14;0;0;0;12,5;4676;4610;26;40;4984;12;12;0;0
20/11/2025;LU-02 Usinage;Matin;ART-51810;Support moteur S18;480;40;43;24;0;29;0;15;1;7,5;2257;2234;9;14;2265;8;8;0;0
20/11/2025;LU-02 Usinage;Après-midi;ART-51810;Support moteur S18;480;40;34;19;12;0;50;0;1;7,5;2157;2141;6;10;2190;8;8;0;0
20/11/2025;LU-02 Usinage;Nuit;ART-51810;Support moteur S18;450;40;14;0;0;0;0;18;1;7,5;2423;2369;21;33;2463;8;7;0;0
20/11/2025;LC-03 Conditionnement;Matin;ART-62600;Kit conditionné K6;480;40;23;30;8;0;0;0;1;18,0;6173;6043;52;78;6348;6;6;0;1
21/11/2025;LA-01 Assemblage;Matin;ART-40120;Carter aluminium A20;480;40;15;0;0;0;0;11;1;15,0;5309;5192;46;71;5399;12;11;0;0
21/11/2025;LA-01 Assemblage;Après-midi;ART-40120;Carter aluminium A20;480;40;38;31;0;31;0;0;1;15,0;4819;4727;36;56;4961;12;12;0;0
21/11/2025;LU-02 Usinage;Matin;ART-51210;Support moteur S12;480;40;22;40;0;32;15;0;1;9,0;2874;2830;17;27;3028;8;8;0;0
21/11/2025;LU-02 Usinage;Après-midi;ART-51210;Support moteur S12;480;40;0;0;5;0;17;0;0;9,0;3517;3474;17;26;3753;8;8;0;0
21/11/2025;LU-02 Usinage;Nuit;ART-51210;Support moteur S12;450;40;30;0;0;15;0;22;1;9,0;2793;2767;10;16;2777;8;8;0;0
21/11/2025;LC-03 Conditionnement;Matin;ART-62400;Kit conditionné K4;480;40;36;0;15;0;29;19;1;22,0;7164;7106;23;35;7201;6;6;0;0
24/11/2025;LA-01 Assemblage;Matin;ART-40130;Carter aluminium A30;480;40;31;0;0;20;0;20;1;12,5;4174;4136;15;23;4151;12;12;0;0
24/11/2025;LA-01 Assemblage;Après-midi;ART-40130;Carter aluminium A30;480;40;25;16;8;0;25;0;1;12,5;4003;3978;10;15;4028;12;12;0;0
24/11/2025;LU-02 Usinage;Matin;ART-51810;Support moteur S18;480;40;51;26;0;0;0;0;1;7,5;2436;2387;19;30;2480;8;8;0;1
24/11/2025;LU-02 Usinage;Après-midi;ART-51810;Support moteur S18;480;40;25;0;16;24;0;0;1;7,5;2432;2390;16;26;2506;8;8;0;0
24/11/2025;LU-02 Usinage;Nuit;ART-51810;Support moteur S18;450;40;44;13;0;18;13;0;1;7,5;2306;2273;13;20;2406;8;8;0;0
24/11/2025;LC-03 Conditionnement;Matin;ART-62600;Kit conditionné K6;480;40;19;30;8;27;0;19;1;18,0;5368;5298;28;42;5665;6;5;0;0
25/11/2025;LA-01 Assemblage;Matin;ART-40120;Carter aluminium A20;480;156;54;22;0;14;11;0;1;15,0;3194;3149;18;27;3333;12;12;0;0
25/11/2025;LA-01 Assemblage;Après-midi;ART-40120;Carter aluminium A20;480;40;31;0;19;0;31;17;1;15,0;4745;4692;21;32;5013;12;12;0;0
25/11/2025;LU-02 Usinage;Matin;ART-51210;Support moteur S12;480;157;23;0;0;0;22;10;1;9,0;2279;2263;6;10;2269;8;8;0;0
25/11/2025;LU-02 Usinage;Après-midi;ART-51210;Support moteur S12;480;40;47;21;0;18;0;16;1;9,0;2783;2721;24;38;2772;8;7;0;0
25/11/2025;LU-02 Usinage;Nuit;ART-51210;Support moteur S12;450;40;35;36;12;0;34;12;1;9,0;2238;2195;17;26;2257;8;8;0;1
25/11/2025;LC-03 Conditionnement;Matin;ART-62400;Kit conditionné K4;480;158;24;21;0;0;0;0;1;22,0;5697;5594;41;62;5809;6;6;0;0
26/11/2025;LA-01 Assemblage;Matin;ART-40130;Carter aluminium A30;480;40;23;24;7;0;27;20;1;12,5;3750;3678;28;44;3781;12;12;0;1
26/11/2025;LA-01 Assemblage;Après-midi;ART-40130;Carter aluminium A30;480;40;20;0;16;0;0;0;1;12,5;4317;4247;28;42;4407;12;12;0;0
26/11/2025;LU-02 Usinage;Matin;ART-51810;Support moteur S18;480;40;21;0;6;21;0;18;1;7,5;2454;2424;12;18;2564;8;8;0;0
26/11/2025;LU-02 Usinage;Après-midi;ART-51810;Support moteur S18;480;40;36;17;5;25;23;0;1;7,5;2417;2395;8;14;2556;8;8;0;0
26/11/2025;LU-02 Usinage;Nuit;ART-51810;Support moteur S18;450;40;0;0;0;0;35;7;0;7,5;2580;2564;6;10;2763;8;8;0;0
26/11/2025;LC-03 Conditionnement;Matin;ART-62600;Kit conditionné K6;480;40;27;25;0;0;12;0;1;18,0;5854;5824;12;18;5836;6;6;0;0
27/11/2025;LA-01 Assemblage;Matin;ART-40120;Carter aluminium A20;480;40;0;0;0;0;18;16;0;15,0;5694;5659;14;21;6100;12;12;0;0
27/11/2025;LA-01 Assemblage;Après-midi;ART-40120;Carter aluminium A20;480;40;24;20;0;0;0;17;1;15,0;5144;5035;43;66;5078;12;12;0;0
27/11/2025;LU-02 Usinage;Matin;ART-51210;Support moteur S12;480;40;85;30;0;19;13;0;2;9,0;2439;2397;16;26;2462;8;8;0;0
27/11/2025;LU-02 Usinage;Après-midi;ART-51210;Support moteur S12;480;40;0;15;9;0;0;0;0;9,0;3350;3303;18;29;3423;8;8;0;0
27/11/2025;LU-02 Usinage;Nuit;ART-51210;Support moteur S12;450;40;0;0;13;13;0;11;0;9,0;2903;2871;12;20;3003;8;8;0;0
27/11/2025;LC-03 Conditionnement;Matin;ART-62400;Kit conditionné K4;480;40;15;0;7;0;26;16;1;22,0;7568;7492;30;46;7917;6;6;0;0
28/11/2025;LA-01 Assemblage;Matin;ART-40130;Carter aluminium A30;480;40;0;0;7;16;0;15;0;12,5;4346;4298;19;29;4496;12;12;0;0
28/11/2025;LA-01 Assemblage;Après-midi;ART-40130;Carter aluminium A30;480;40;41;32;0;24;22;0;1;12,5;3831;3800;12;19;4012;12;12;0;0
28/11/2025;LU-02 Usinage;Matin;ART-51810;Support moteur S18;480;40;43;0;0;0;26;0;1;7,5;2379;2326;21;32;2523;8;7;0;0
28/11/2025;LU-02 Usinage;Après-midi;ART-51810;Support moteur S18;480;40;19;0;13;0;0;19;1;7,5;2757;2704;21;32;2725;8;8;0;0
28/11/2025;LU-02 Usinage;Nuit;ART-51810;Support moteur S18;450;40;36;19;0;13;17;0;1;7,5;2230;2194;14;22;2230;8;8;0;0
28/11/2025;LC-03 Conditionnement;Matin;ART-62600;Kit conditionné K6;480;40;78;0;12;12;0;20;2;18,0;5523;5440;33;50;5584;6;6;0;0
01/12/2025;LA-01 Assemblage;Matin;ART-40120;Carter aluminium A20;480;40;119;22;0;22;26;0;1;15,0;3444;3388;22;34;3444;12;12;0;0
01/12/2025;LA-01 Assemblage;Après-midi;ART-40120;Carter aluminium A20;480;40;104;22;11;0;30;9;1;15,0;3504;3458;18;28;3546;12;11;0;0
01/12/2025;LU-02 Usinage;Matin;ART-51210;Support moteur S12;480;40;0;0;5;0;26;8;0;9,0;3266;3236;12;18;3383;8;8;0;0
01/12/2025;LU-02 Usinage;Après-midi;ART-51210;Support moteur S12;480;40;93;18;0;13;0;16;1;9,0;2362;2347;6;9;2476;8;8;0;0
01/12/2025;LU-02 Usinage;Nuit;ART-51210;Support moteur S12;450;40;120;17;12;0;34;0;1;9,0;1971;1929;16;26;2069;8;8;0;0
01/12/2025;LC-03 Conditionnement;Matin;ART-62400;Kit conditionné K4;480;40;103;0;0;0;0;14;1;22,0;6359;6231;51;77;6754;6;6;0;0
02/12/2025;LA-01 Assemblage;Matin;ART-40130;Carter aluminium A30;480;40;47;29;9;0;39;0;1;12,5;3811;3730;32;49;4002;12;12;0;0
02/12/2025;LA-01 Assemblage;Après-midi;ART-40130;Carter aluminium A30;480;40;20;0;0;0;0;19;1;12,5;4686;4601;34;51;4983;12;12;0;0
02/12/2025;LU-02 Usinage;Matin;ART-51810;Support moteur S18;480;40;20;0;8;19;0;14;1;7,5;2714;2676;15;23;2718;8;8;0;0
02/12/2025;LU-02 Usinage;Après-midi;ART-51810;Support moteur S18;480;40;53;29;0;26;14;0;1;7,5;2206;2181;10;15;2235;8;8;0;0
02/12/2025;LU-02 Usinage;Nuit;ART-51810;Support moteur S18;450;40;0;0;8;0;16;0;0;7,5;2591;2570;8;13;2657;8;8;0;0
02/12/2025;LC-03 Conditionnement;Matin;ART-62600;Kit conditionné K6;480;40;54;0;0;18;22;0;1;18,0;5885;5843;16;26;6103;6;6;0;0
03/12/2025;LA-01 Assemblage;Matin;ART-40120;Carter aluminium A20;480;103;0;0;6;0;36;0;0;15,0;4497;4461;14;22;4613;12;12;0;0
03/12/2025;LA-01 Assemblage;Après-midi;ART-40120;Carter aluminium A20;480;40;24;0;0;22;0;13;1;15,0;4943;4918;10;15;5133;12;12;0;0
03/12/2025;LU-02 Usinage;Matin;ART-51210;Support moteur S12;480;104;42;31;0;17;26;17;1;9,0;1935;1898;14;23;2034;8;8;0;0
03/12/2025;LU-02 Usinage;Après-midi;ART-51210;Support moteur S12;480;40;50;31;0;0;0;0;1;9,0;2762;2717;18;27;2940;8;8;0;1
03/12/2025;LU-02 Usinage;Nuit;ART-51210;Support moteur S12;450;40;22;0;15;21;0;0;1;9,0;2993;2954;15;24;2969;8;7;0;0
03/12/2025;LC-03 Conditionnement;Matin;ART-62400;Kit conditionné K4;480;105;0;36;6;0;38;16;0;22,0;5370;5305;26;39;5384;6;6;0;0
04/12/2025;LA-01 Assemblage;Matin;ART-40130;Carter aluminium A30;480;40;34;0;17;19;0;0;1;12,5;4370;4313;22;35;4335;12;11;0;0
04/12/2025;LA-01 Assemblage;Après-midi;ART-40130;Carter aluminium A30;480;40;56;32;0;26;12;0;1;12,5;3591;3555;14;22;3605;12;12;0;0
04/12/2025;LU-02 Usinage;Matin;ART-51810;Support moteur S18;480;40;0;0;0;28;17;0;0;7,5;2769;2752;6;11;2843;8;8;0;0
04/12/2025;LU-02 Usinage;Après-midi;ART-51810;Support moteur S18;480;40;38;0;0;0;38;15;1;7,5;2368;2318;20;30;2435;8;8;0;0
04/12/2025;LU-02 Usinage;Nuit;ART-51810;Support moteur S18;450;40;35;15;0;33;0;19;1;7,5;2021;1984;14;23;2103;8;8;0;0
04/12/2025;LC-03 Conditionnement;Matin;ART-62600;Kit conditionné K6;480;40;16;0;16;19;0;25;1;18,0;6060;5956;41;63;6379;6;6;0;0
05/12/2025;LA-01 Assemblage;Matin;ART-40120;Carter aluminium A20;480;40;47;17;0;30;0;21;1;15,0;4265;4188;30;47;4440;12;12;0;0
05/12/2025;LA-01 Assemblage;Après-midi;ART-40120;Carter aluminium A20;480;40;39;40;11;0;32;19;1;15,0;4328;4263;26;39;4562;12;12;0;1
05/12/2025;LU-02 Usinage;Matin;ART-51210;Support moteur S12;480;40;0;26;7;0;31;0;0;9,0;2927;2894;13;20;2907;8;8;0;0
05/12/2025;LU-02 Usinage;Après-midi;ART-51210;Support moteur S12;480;40;43;0;15;24;0;17;1;9,0;2930;2906;9;15;2944;8;8;0;0
05/12/2025;LU-02 Usinage;Nuit;ART-51210;Support moteur S12;450;40;31;20;11;30;17;0;1;9,0;2505;2492;5;8;2547;8;8;0;0
05/12/2025;LC-03 Conditionnement;Matin;ART-62400;Kit conditionné K4;480;40;0;0;0;20;0;13;0;22,0;7655;7486;67;102;7786;6;5;0;0
08/12/2025;LA-01 Assemblage;Matin;ART-40130;Carter aluminium A30;480;40;23;36;6;20;15;0;1;12,5;3931;3911;8;12;3998;12;12;0;0
08/12/2025;LA-01 Assemblage;Après-midi;ART-40130;Carter aluminium A30;480;40;0;0;0;0;16;15;0;12,5;4575;4483;36;56;4658;12;12;0;0
08/12/2025;LU-02 Usinage;Matin;ART-51810;Support moteur S18;480;40;37;0;13;16;0;14;1;7,5;2470;2430;16;24;2574;8;8;0;0
08/12/2025;LU-02 Usinage;Après-midi;ART-51810;Support moteur S18;480;40;77;17;0;31;19;0;2;7,5;1964;1938;10;16;2072;8;7;0;0
08/12/2025;LU-02 Usinage;Nuit;ART-51810;Support moteur S18;450;40;0;27;8;0;0;0;0;7,5;2404;2379;10;15;2568;8;8;0;0
08/12/2025;LC-03 Conditionnement;Matin;ART-62600;Kit conditionné K6;480;40;0;25;0;32;10;0;0;18,0;6076;6021;22;33;6043;6;6;0;0
09/12/2025;LA-01 Assemblage;Matin;ART-40120;Carter aluminium A20;480;40;0;18;7;0;0;0;0;15,0;5322;5268;21;33;5687;12;12;0;0
09/12/2025;LA-01 Assemblage;Après-midi;ART-40120;Carter aluminium A20;480;40;0;0;6;19;0;16;0;15,0;5655;5615;16;24;5631;12;12;0;0
09/12/2025;LU-02 Usinage;Matin;ART-51210;Support moteur S12;480;40;25;25;0;54;0;22;1;9,0;2727;2669;23;35;2746;8;8;0;0
09/12/2025;LU-02 Usinage;Après-midi;ART-51210;Support moteur S12;480;40;30;0;0;0;10;0;1;9,0;3366;3305;24;37;3431;8;8;0;0
09/12/2025;LU-02 Usinage;Nuit;ART-51210;Support moteur S12;450;40;20;0;6;0;0;13;1;9,0;3021;2975;18;28;3117;8;8;0;0
09/12/2025;LC-03 Conditionnement;Matin;ART-62400;Kit conditionné K4;480;40;44;19;8;0;20;0;1;22,0;7332;7229;41;62;7652;6;6;0;1
10/12/2025;LA-01 Assemblage;Matin;ART-40130;Carter aluminium A30;480;85;23;0;13;0;0;9;1;12,5;3959;3899;24;36;4086;12;12;0;0
10/12/2025;LA-01 Assemblage;Après-midi;ART-40130;Carter aluminium A30;480;40;38;17;0;34;17;0;1;12,5;3653;3609;17;27;3816;12;12;0;0
10/12/2025;LU-02 Usinage;Matin;ART-51810;Support moteur S18;480;85;0;14;0;29;0;0;0;7,5;2362;2343;7;12;2526;8;8;0;0
10/12/2025;LU-02 Usinage;Après-midi;ART-51810;Support moteur S18;480;40;0;0;9;0;22;20;0;7,5;2523;2510;5;8;2515;8;8;0;0
10/12/2025;LU-02 Usinage;Nuit;ART-51810;Support moteur S18;450;40;18;20;0;23;0;22;1;7,5;2342;2295;18;29;2336;8;8;0;0
10/12/2025;LC-03 Conditionnement;Matin;ART-62600;Kit conditionné K6;480;85;34;0;8;23;35;13;1;18,0;4492;4406;34;52;4530;6;6;0;0
11/12/2025;LA-01 Assemblage;Matin;ART-40120;Carter aluminium A20;480;95;38;31;0;28;0;15;1;15,0;3910;3831;31;48;3901;12;12;0;0
11/12/2025;LA-01 Assemblage;Après-midi;ART-40120;Carter aluminium A20;480;40;49;24;6;0;36;0;1;15,0;4509;4432;30;47;4553;12;12;0;0
11/12/2025;LU-02 Usinage;Matin;ART-51210;Support moteur S12;480;96;56;31;11;0;0;0;1;9,0;2432;2400;12;20;2512;8;7;0;1
11/12/2025;LU-02 Usinage;Après-midi;ART-51210;Support moteur S12;480;40;28;0;6;15;0;20;1;9,0;3055;3024;12;19;3195;8;8;0;0
11/12/2025;LU-02 Usinage;Nuit;ART-51210;Support moteur S12;450;40;23;61;0;20;19;0;1;9,0;2285;2269;6;10;2420;8;8;0;0
11/12/2025;LC-03 Conditionnement;Matin;ART-62400;Kit conditionné K4;480;97;0;0;12;11;0;0;0;22,0;7405;7360;18;27;7933;6;6;0;0
12/12/2025;LA-01 Assemblage;Matin;ART-40130;Carter aluminium A30;480;40;37;46;0;28;25;0;1;12,5;3363;3339;9;15;3561;12;12;0;0
12/12/2025;LA-01 Assemblage;Après-midi;ART-40130;Carter aluminium A30;480;40;0;0;12;0;28;0;0;12,5;4275;4180;38;57;4535;12;11;0;0
12/12/2025;LU-02 Usinage;Matin;ART-51810;Support moteur S18;480;40;34;0;6;0;17;16;1;7,5;2408;2364;17;27;2405;8;8;0;0
12/12/2025;LU-02 Usinage;Après-midi;ART-51810;Support moteur S18;480;40;41;16;0;15;19;23;1;7,5;2359;2323;14;22;2384;8;8;0;0
12/12/2025;LU-02 Usinage;Nuit;ART-51810;Support moteur S18;450;40;53;26;0;0;0;0;1;7,5;2321;2293;11;17;2375;8;8;0;1
12/12/2025;LC-03 Conditionnement;Matin;ART-62600;Kit conditionné K6;480;40;24;19;0;15;0;0;1;18,0;5947;5881;26;40;6153;6;6;0;0
15/12/2025;LA-01 Assemblage;Matin;ART-40120;Carter aluminium A20;480;40;52;30;0;0;0;0;1;15,0;5020;4959;24;37;5137;12;12;0;1
15/12/2025;LA-01 Assemblage;Après-midi;ART-40120;Carter aluminium A20;480;40;35;0;17;12;0;0;1;15,0;5104;5058;18;28;5287;12;12;0;0
15/12/2025;LU-02 Usinage;Matin;ART-51210;Support moteur S12;480;40;34;25;16;24;0;18;1;9,0;2688;2674;5;9;2850;8;8;0;0
15/12/2025;LU-02 Usinage;Après-midi;ART-51210;Support moteur S12;480;40;0;0;0;22;19;0;0;9,0;3213;3148;26;39;3412;8;8;0;0
15/12/2025;LU-02 Usinage;Nuit;ART-51210;Support moteur S12;450;40;34;0;0;0;33;17;1;9,0;2537;2493;17;27;2510;8;8;0;0
15/12/2025;LC-03 Conditionnement;Matin;ART-62400;Kit conditionné K4;480;40;35;21;5;0;16;0;1;22,0;7307;7190;46;71;7309;6;6;0;0
16/12/2025;LA-01 Assemblage;Matin;ART-40130;Carter aluminium A30;480;40;34;0;0;0;15;16;1;12,5;4054;3985;27;42;4012;12;12;0;0
16/12/2025;LA-01 Assemblage;Après-midi;ART-40130;Carter aluminium A30;480;40;35;23;0;23;0;21;1;12,5;4034;3977;22;35;4039;12;12;0;0
16/12/2025;LU-02 Usinage;Matin;ART-51810;Support moteur S18;480;40;32;21;0;0;0;0;1;7,5;2481;2456;10;15;2542;8;8;0;0
16/12/2025;LU-02 Usinage;Après-midi;ART-51810;Support moteur S18;480;40;0;36;12;0;33;0;0;7,5;2544;2526;7;11;2638;8;8;0;0
16/12/2025;LU-02 Usinage;Nuit;ART-51810;Support moteur S18;450;40;35;0;13;14;0;16;1;7,5;2278;2227;20;31;2365;8;7;0;0
16/12/2025;LC-03 Conditionnement;Matin;ART-62600;Kit conditionné K6;480;40;20;0;15;0;35;7;1;18,0;6305;6172;53;80;6622;6;6;0;0
17/12/2025;LA-01 Assemblage;Matin;ART-40120;Carter aluminium A20;480;40;30;0;10;14;0;20;1;15,0;5023;4912;44;67;5216;12;11;0;0
17/12/2025;LA-01 Assemblage;Après-midi;ART-40120;Carter aluminium A20;480;40;55;16;5;30;22;0;1;15,0;4141;4062;31;48;4354;12;12;0;0
17/12/2025;LU-02 Usinage;Matin;ART-51210;Support moteur S12;480;40;46;32;0;0;20;0;1;9,0;2785;2743;16;26;2759;8;8;0;0
17/12/2025;LU-02 Usinage;Après-midi;ART-51210;Support moteur S12;480;40;22;0;7;11;0;12;1;9,0;3055;3018;14;23;3062;8;8;0;0
17/12/2025;LU-02 Usinage;Nuit;ART-51210;Support moteur S12;450;40;73;14;0;19;18;0;2;9,0;2483;2460;9;14;2519;8;8;0;0
17/12/2025;LC-03 Conditionnement;Matin;ART-62400;Kit conditionné K4;480;40;38;0;8;0;0;0;1;22,0;7757;7694;25;38;7957;6;6;0;0
18/12/2025;LA-01 Assemblage;Matin;ART-40130;Carter aluminium A30;480;40;60;13;0;26;18;0;2;12,5;3896;3860;14;22;3953;12;12;0;0
18/12/2025;LA-01 Assemblage;Après-midi;ART-40130;Carter aluminium A30;480;40;0;20;11;0;0;0;0;12,5;4780;4751;11;18;4909;12;12;0;0
18/12/2025;LU-02 Usinage;Matin;ART-51810;Support moteur S18;480;40;30;0;12;0;24;8;1;7,5;2621;2568;21;32;2725;8;8;0;0
18/12/2025;LU-02 Usinage;Après-midi;ART-51810;Support moteur S18;480;40;32;20;0;57;0;13;1;7,5;2206;2168;15;23;2322;8;8;0;0
18/12/2025;LU-02 Usinage;Nuit;ART-51810;Support moteur S18;450;40;27;0;0;0;12;0;1;7,5;2490;2455;14;21;2654;8;8;0;0
18/12/2025;LC-03 Conditionnement;Matin;ART-62600;Kit conditionné K6;480;40;28;25;0;0;0;21;1;18,0;6225;6144;32;49;6176;6;5;0;0
19/12/2025;LA-01 Assemblage;Matin;ART-40120;Carter aluminium A20;480;112;42;0;0;0;11;0;1;15,0;4228;4168;24;36;4507;12;12;0;0
19/12/2025;LA-01 Assemblage;Après-midi;ART-40120;Carter aluminium A20;480;40;37;0;14;0;0;9;1;15,0;4930;4875;22;33;4897;12;12;0;0
19/12/2025;LU-02 Usinage;Matin;ART-51210;Support moteur S12;480;113;84;0;12;26;0;20;2;9,0;1792;1779;5;8;1820;8;8;0;0
19/12/2025;LU-02 Usinage;Après-midi;ART-51210;Support moteur S12;480;40;0;13;0;32;0;0;0;9,0;3039;2972;26;41;3090;8;7;0;0
19/12/2025;LU-02 Usinage;Nuit;ART-51210;Support moteur S12;450;40;0;0;10;0;32;14;0;9,0;3010;2952;23;35;3098;8;8;0;0
19/12/2025;LC-03 Conditionnement;Matin;ART-62400;Kit conditionné K4;480;114;54;28;0;26;20;0;1;22,0;4581;4498;33;50;4769;6;6;0;0
05/01/2026;LA-01 Assemblage;Matin;ART-40130;Carter aluminium A30;480;40;0;0;9;0;15;7;0;12,5;4831;4739;36;56;4973;12;12;0;0
05/01/2026;LA-01 Assemblage;Après-midi;ART-40130;Carter aluminium A30;480;40;24;25;0;12;0;23;1;12,5;4071;4005;26;40;4243;12;12;0;0
05/01/2026;LU-02 Usinage;Matin;ART-51810;Support moteur S18;480;40;21;0;0;0;0;13;1;7,5;2847;2812;14;21;3038;8;8;0;0
05/01/2026;LU-02 Usinage;Après-midi;ART-51810;Support moteur S18;480;40;43;17;10;0;0;0;1;7,5;2511;2488;9;14;2497;8;8;0;1
05/01/2026;LU-02 Usinage;Nuit;ART-51810;Support moteur S18;450;40;28;0;8;23;0;11;1;7,5;2231;2217;5;9;2244;8;8;0;0
05/01/2026;LC-03 Conditionnement;Matin;ART-62600;Kit conditionné K6;480;40;20;39;9;0;18;14;1;18,0;5661;5632;11;18;5758;6;6;0;0
06/01/2026;LA-01 Assemblage;Matin;ART-40120;Carter aluminium A20;480;40;36;0;12;21;0;13;1;15,0;4698;4669;11;18;4727;12;12;0;0
06/01/2026;LA-01 Assemblage;Après-midi;ART-40120;Carter aluminium A20;480;40;55;33;0;24;17;0;1;15,0;4501;4406;38;57;4534;12;12;0;0
06/01/2026;LU-02 Usinage;Matin;ART-51210;Support moteur S12;480;40;36;0;0;27;15;0;1;9,0;2818;2770;19;29;2905;8;8;0;0
06/01/2026;LU-02 Usinage;Après-midi;ART-51210;Support moteur S12;480;40;34;0;11;0;26;15;1;9,0;3042;2999;17;26;3174;8;8;0;0
06/01/2026;LU-02 Usinage;Nuit;ART-51210;Support moteur S12;450;40;41;19;0;17;20;15;1;9,0;2480;2452;11;17;2620;8;8;0;0
06/01/2026;LC-03 Conditionnement;Matin;ART-62400;Kit conditionné K4;480;40;14;0;0;0;0;9;1;22,0;7843;7764;31;48;8381;6;6;0;0
07/01/2026;LA-01 Assemblage;Matin;ART-40130;Carter aluminium A30;480;40;22;25;0;14;14;22;1;12,5;3965;3921;17;27;4189;12;12;0;0
07/01/2026;LA-01 Assemblage;Après-midi;ART-40130;Carter aluminium A30;480;40;42;40;0;0;0;0;1;12,5;4005;3972;13;20;4284;12;12;0;1
07/01/2026;LU-02 Usinage;Matin;ART-51810;Support moteur S18;480;40;0;32;9;0;18;19;0;7,5;2484;2429;22;33;2475;8;7;0;0
07/01/2026;LU-02 Usinage;Après-midi;ART-51810;Support moteur S18;480;40;28;24;14;14;0;22;1;7,5;2243;2200;17;26;2262;8;8;0;0
07/01/2026;LU-02 Usinage;Nuit;ART-51810;Support moteur S18;450;40;0;0;0;34;15;0;0;7,5;2314;2276;15;23;2361;8;8;0;0
07/01/2026;LC-03 Conditionnement;Matin;ART-62600;Kit conditionné K6;480;40;42;0;0;12;0;21;1;18,0;5945;5855;36;54;6136;6;6;0;0
08/01/2026;LA-01 Assemblage;Matin;ART-40120;Carter aluminium A20;480;85;0;0;0;13;16;0;0;15,0;4693;4617;30;46;4790;12;12;0;0
08/01/2026;LA-01 Assemblage;Après-midi;ART-40120;Carter aluminium A20;480;40;18;0;0;0;31;9;1;15,0;5414;5343;28;43;5594;12;11;0;0
08/01/2026;LU-02 Usinage;Matin;ART-51210;Support moteur S12;480;85;16;0;7;28;0;28;1;9,0;2744;2719;10;15;2903;8;8;0;0
08/01/2026;LU-02 Usinage;Après-midi;ART-51210;Support moteur S12;480;40;37;24;0;0;0;0;1;9,0;3189;3169;8;12;3416;8;8;0;0
08/01/2026;LU-02 Usinage;Nuit;ART-51210;Support moteur S12;450;40;0;20;6;0;15;0;0;9,0;3005;2941;25;39;2966;8;8;0;0
08/01/2026;LC-03 Conditionnement;Matin;ART-62400;Kit conditionné K4;480;85;43;22;0;20;11;0;1;22,0;6281;6155;50;76;6267;6;6;0;0
09/01/2026;LA-01 Assemblage;Matin;ART-40130;Carter aluminium A30;480;40;0;31;10;0;28;0;0;12,5;4196;4107;35;54;4142;12;12;0;0
09/01/2026;LA-01 Assemblage;Après-midi;ART-40130;Carter aluminium A30;480;40;21;0;7;16;0;22;1;12,5;4090;4016;29;45;4085;12;12;0;0
09/01/2026;LU-02 Usinage;Matin;ART-51810;Support moteur S18;480;40;0;0;0;25;0;10;0;7,5;2718;2679;15;24;2777;8;8;0;0
09/01/2026;LU-02 Usinage;Après-midi;ART-51810;Support moteur S18;480;40;31;35;0;0;14;0;1;7,5;2335;2309;10;16;2415;8;8;0;0
09/01/2026;LU-02 Usinage;Nuit;ART-51810;Support moteur S18;450;40;23;0;12;28;0;17;1;7,5;2363;2344;7;12;2474;8;8;0;0
09/01/2026;LC-03 Conditionnement;Matin;ART-62600;Kit conditionné K6;480;40;28;26;10;0;26;10;1;18,0;5416;5378;15;23;5737;6;6;0;1
12/01/2026;LA-01 Assemblage;Matin;ART-40120;Carter aluminium A20;480;104;30;0;12;29;0;13;1;15,0;4182;4148;13;21;4380;12;12;0;0
12/01/2026;LA-01 Assemblage;Après-midi;ART-40120;Carter aluminium A20;480;40;68;28;0;22;22;0;2;15,0;4162;4141;8;13;4413;12;12;0;0
12/01/2026;LU-02 Usinage;Matin;ART-51210;Support moteur S12;480;105;0;14;0;23;23;0;0;9,0;2679;2628;20;31;2648;8;8;0;0
12/01/2026;LU-02 Usinage;Après-midi;ART-51210;Support moteur S12;480;40;15;0;11;0;37;13;1;9,0;2997;2949;19;29;2997;8;8;0;0
12/01/2026;LU-02 Usinage;Nuit;ART-51210;Support moteur S12;450;40;46;12;0;52;0;15;1;9,0;2270;2240;12;18;2297;8;7;0;0
12/01/2026;LC-03 Conditionnement;Matin;ART-62400;Kit conditionné K4;480;106;0;0;0;0;24;8;0;22,0;7034;6949;34;51;7198;6;6;0;0
13/01/2026;LA-01 Assemblage;Matin;ART-40130;Carter aluminium A30;480;40;118;30;0;29;0;10;1;12,5;2798;2761;14;23;2831;12;11;0;0
13/01/2026;LA-01 Assemblage;Après-midi;ART-40130;Carter aluminium A30;480;40;117;0;0;0;12;0;1;12,5;3323;3289;13;21;3404;12;12;0;0
13/01/2026;LU-02 Usinage;Matin;ART-51810;Support moteur S18;480;40;118;27;13;0;28;0;1;7,5;1666;1656;4;6;1747;8;8;0;1
13/01/2026;LU-02 Usinage;Après-midi;ART-51810;Support moteur S18;480;40;221;0;10;11;0;14;2;7,5;1331;1303;11;17;1397;8;8;0;0
13/01/2026;LU-02 Usinage;Nuit;ART-51810;Support moteur S18;450;40;0;13;0;34;0;0;0;7,5;2545;2499;18;28;2706;8;8;0;0
13/01/2026;LC-03 Conditionnement;Matin;ART-62600;Kit conditionné K6;480;40;0;0;15;28;0;21;0;18,0;5854;5754;40;60;5794;6;6;0;0
14/01/2026;LA-01 Assemblage;Matin;ART-40120;Carter aluminium A20;480;40;0;14;0;28;0;0;0;15,0;5581;5480;40;61;5935;12;12;0;0
14/01/2026;LA-01 Assemblage;Après-midi;ART-40120;Carter aluminium A20;480;40;0;0;11;0;23;11;0;15,0;5362;5281;32;49;5313;12;12;0;0
14/01/2026;LU-02 Usinage;Matin;ART-51210;Support moteur S12;480;40;14;0;13;13;23;16;1;9,0;3005;2971;13;21;3044;8;8;0;0
14/01/2026;LU-02 Usinage;Après-midi;ART-51210;Support moteur S12;480;40;35;0;0;0;0;18;1;9,0;3117;3092;10;15;3197;8;8;0;0
14/01/2026;LU-02 Usinage;Nuit;ART-51210;Support moteur S12;450;40;52;34;12;0;0;0;1;9,0;2428;2415;5;8;2520;8;8;0;1
14/01/2026;LC-03 Conditionnement;Matin;ART-62400;Kit conditionné K4;480;40;31;16;0;17;13;0;1;22,0;7307;7146;64;97;7589;6;5;0;0
15/01/2026;LA-01 Assemblage;Matin;ART-40130;Carter aluminium A30;480;40;35;24;5;0;0;0;1;12,5;4065;4044;8;13;4220;12;12;0;1
15/01/2026;LA-01 Assemblage;Après-midi;ART-40130;Carter aluminium A30;480;40;24;0;11;11;0;9;1;12,5;4595;4503;36;56;4777;12;12;0;0
15/01/2026;LU-02 Usinage;Matin;ART-51810;Support moteur S18;480;40;0;0;7;18;0;0;0;7,5;2661;2618;17;26;2833;8;8;0;0
15/01/2026;LU-02 Usinage;Après-midi;ART-51810;Support moteur S18;480;40;28;0;0;25;14;0;1;7,5;2643;2608;14;21;2622;8;7;0;0
15/01/2026;LU-02 Usinage;Nuit;ART-51810;Support moteur S18;450;40;27;0;7;0;23;16;1;7,5;2312;2288;9;15;2320;8;8;0;0
15/01/2026;LC-03 Conditionnement;Matin;ART-62600;Kit conditionné K6;480;40;40;15;9;0;48;0;1;18,0;5697;5645;20;32;5780;6;6;0;0
16/01/2026;LA-01 Assemblage;Matin;ART-40120;Carter aluminium A20;480;40;27;0;16;0;15;8;1;15,0;5133;5081;20;32;5152;12;12;0;0
16/01/2026;LA-01 Assemblage;Après-midi;ART-40120;Carter aluminium A20;480;40;23;24;0;13;25;22;1;15,0;4420;4389;12;19;4490;12;12;0;0
16/01/2026;LU-02 Usinage;Matin;ART-51210;Support moteur S12;480;40;26;27;0;32;0;0;1;9,0;2891;2830;24;37;2972;8;8;0;0
16/01/2026;LU-02 Usinage;Après-midi;ART-51210;Support moteur S12;480;40;0;30;6;0;33;14;0;9,0;2811;2760;20;31;2926;8;8;0;0
16/01/2026;LU-02 Usinage;Nuit;ART-51210;Support moteur S12;450;40;37;31;14;17;0;14;1;9,0;2579;2540;15;24;2718;8;8;0;0
16/01/2026;LC-03 Conditionnement;Matin;ART-62400;Kit conditionné K4;480;40;0;0;12;0;29;0;0;22,0;7856;7746;44;66;8376;6;6;0;0
19/01/2026;LA-01 Assemblage;Matin;ART-40130;Carter aluminium A30;480;40;24;21;16;14;0;13;1;12,5;4246;4182;25;39;4475;12;12;0;0
19/01/2026;LA-01 Assemblage;Après-midi;ART-40130;Carter aluminium A30;480;40;0;0;0;33;10;0;0;12,5;4639;4583;22;34;4951;12;12;0;0
19/01/2026;LU-02 Usinage;Matin;ART-51810;Support moteur S18;480;40;53;27;11;0;26;0;1;7,5;2313;2294;7;12;2324;8;8;0;0
19/01/2026;LU-02 Usinage;Après-midi;ART-51810;Support moteur S18;480;40;30;0;7;28;0;33;1;7,5;2372;2360;4;8;2412;8;8;0;0
19/01/2026;LU-02 Usinage;Nuit;ART-51810;Support moteur S18;450;40;24;21;0;0;0;0;1;7,5;2450;2401;19;30;2494;8;8;0;0
19/01/2026;LC-03 Conditionnement;Matin;ART-62600;Kit conditionné K6;480;40;16;0;17;21;0;0;1;18,0;6565;6440;50;75;6760;6;6;0;0
20/01/2026;LA-01 Assemblage;Matin;ART-40120;Carter aluminium A20;480;96;34;14;0;0;0;0;1;15,0;4510;4419;36;55;4592;12;12;0;0
20/01/2026;LA-01 Assemblage;Après-midi;ART-40120;Carter aluminium A20;480;40;0;28;13;0;38;0;0;15,0;4683;4603;32;48;4828;12;12;0;0
20/01/2026;LU-02 Usinage;Matin;ART-51210;Support moteur S12;480;97;38;0;26;0;17;13;1;9,0;2301;2271;12;18;2428;8;7;0;0
20/01/2026;LU-02 Usinage;Après-midi;ART-51210;Support moteur S12;480;40;0;0;0;25;0;11;0;9,0;3108;3076;12;20;3320;8;8;0;0
20/01/2026;LU-02 Usinage;Nuit;ART-51210;Support moteur S12;450;40;56;21;0;0;20;0;1;9,0;2662;2643;7;12;2650;8;8;0;0
20/01/2026;LC-03 Conditionnement;Matin;ART-62400;Kit conditionné K4;480;98;31;18;0;19;0;16;1;22,0;5736;5701;14;21;5772;6;6;0;0
21/01/2026;LA-01 Assemblage;Matin;ART-40130;Carter aluminium A30;480;40;43;23;0;0;13;0;1;12,5;4264;4234;12;18;4246;12;12;0;0
21/01/2026;LA-01 Assemblage;Après-midi;ART-40130;Carter aluminium A30;480;40;35;0;13;21;0;19;1;12,5;4026;3937;35;54;4012;12;11;0;0
21/01/2026;LU-02 Usinage;Matin;ART-51810;Support moteur S18;480;40;16;0;17;0;0;0;1;7,5;2854;2802;20;32;2909;8;8;0;0
21/01/2026;LU-02 Usinage;Après-midi;ART-51810;Support moteur S18;480;40;0;18;0;25;16;0;0;7,5;2586;2547;15;24;2668;8;8;0;0
21/01/2026;LU-02 Usinage;Nuit;ART-51810;Support moteur S18;450;40;18;0;13;0;38;15;1;7,5;2139;2113;10;16;2234;8;8;0;0
21/01/2026;LC-03 Conditionnement;Matin;ART-62600;Kit conditionné K6;480;40;30;39;6;21;18;0;1;18,0;5427;5367;24;36;5735;6;6;0;0
22/01/2026;LA-01 Assemblage;Matin;ART-40120;Carter aluminium A20;480;40;36;0;9;0;37;20;1;15,0;4436;4382;21;33;4634;12;12;0;0
22/01/2026;LA-01 Assemblage;Après-midi;ART-40120;Carter aluminium A20;480;40;20;13;0;41;0;23;1;15,0;4964;4919;18;27;5252;12;12;0;0
22/01/2026;LU-02 Usinage;Matin;ART-51210;Support moteur S12;480;40;31;23;0;0;0;18;1;9,0;2864;2849;6;9;2855;8;8;0;0
22/01/2026;LU-02 Usinage;Après-midi;ART-51210;Support moteur S12;480;40;36;28;13;0;28;0;1;9,0;2879;2821;23;35;2872;8;8;0;1
22/01/2026;LU-02 Usinage;Nuit;ART-51210;Support moteur S12;450;40;33;0;10;24;0;9;2;9,0;2780;2732;19;29;2807;8;8;0;0
22/01/2026;LC-03 Conditionnement;Matin;ART-62400;Kit conditionné K4;480;40;0;35;12;0;0;0;0;22,0;7392;7273;47;72;7546;6;6;0;0
23/01/2026;LA-01 Assemblage;Matin;ART-40130;Carter aluminium A30;480;85;57;0;10;25;0;22;2;12,5;3249;3193;22;34;3280;12;12;0;0
23/01/2026;LA-01 Assemblage;Après-midi;ART-40130;Carter aluminium A30;480;40;0;23;0;26;0;0;0;12,5;4374;4312;24;38;4470;12;12;0;0
23/01/2026;LU-02 Usinage;Matin;ART-51810;Support moteur S18;480;85;24;26;0;14;20;0;1;7,5;2134;2112;8;14;2231;8;8;0;0
23/01/2026;LU-02 Usinage;Après-midi;ART-51810;Support moteur S18;480;40;22;0;12;16;26;7;1;7,5;2369;2352;6;11;2508;8;8;0;0
23/01/2026;LU-02 Usinage;Nuit;ART-51810;Support moteur S18;450;40;21;0;0;0;0;12;1;7,5;2417;2363;21;33;2563;8;7;0;0
23/01/2026;LC-03 Conditionnement;Matin;ART-62600;Kit conditionné K6;480;85;20;0;14;0;0;7;1;18,0;5766;5644;48;74;5692;6;6;0;0
26/01/2026;LA-01 Assemblage;Matin;ART-40120;Carter aluminium A20;480;40;19;0;0;0;0;23;1;15,0;5104;4991;45;68;5415;12;11;0;0
26/01/2026;LA-01 Assemblage;Après-midi;ART-40120;Carter aluminium A20;480;40;43;21;11;0;0;0;1;15,0;5173;5074;39;60;5113;12;12;0;1
26/01/2026;LU-02 Usinage;Matin;ART-51210;Support moteur S12;480;40;30;23;12;0;22;9;1;9,0;2987;2942;18;27;3020;8;8;0;0
26/01/2026;LU-02 Usinage;Après-midi;ART-51210;Support moteur S12;480;40;0;0;17;24;0;0;0;9,0;3357;3316;16;25;3435;8;8;0;0
26/01/2026;LU-02 Usinage;Nuit;ART-51210;Support moteur S12;450;40;36;0;0;29;18;0;1;9,0;2663;2639;9;15;2758;8;8;0;0
26/01/2026;LC-03 Conditionnement;Matin;ART-62400;Kit conditionné K4;480;40;26;19;0;25;0;13;1;22,0;7500;7440;24;36;7856;6;6;0;0
27/01/2026;LA-01 Assemblage;Matin;ART-40130;Carter aluminium A30;480;40;47;0;0;24;11;0;1;12,5;4049;4012;14;23;4193;12;12;0;0
27/01/2026;LA-01 Assemblage;Après-midi;ART-40130;Carter aluminium A30;480;40;31;0;7;0;36;14;1;12,5;3850;3826;9;15;4036;12;12;0;0
27/01/2026;LU-02 Usinage;Matin;ART-51810;Support moteur S18;480;40;29;0;0;0;0;17;1;7,5;2644;2591;21;32;2808;8;8;0;0
27/01/2026;LU-02 Usinage;Après-midi;ART-51810;Support moteur S18;480;40;46;17;0;22;0;0;1;7,5;2303;2263;16;24;2279;8;8;0;0
27/01/2026;LU-02 Usinage;Nuit;ART-51810;Support moteur S18;450;40;0;36;8;0;18;16;0;7,5;2377;2343;13;21;2379;8;8;0;0
27/01/2026;LC-03 Conditionnement;Matin;ART-62600;Kit conditionné K6;480;40;52;44;0;17;21;0;1;18,0;4874;4810;25;39;4933;6;5;0;0
28/01/2026;LA-01 Assemblage;Matin;ART-40120;Carter aluminium A20;480;113;0;41;11;0;36;19;0;15,0;3724;3671;21;32;3729;12;12;0;0
28/01/2026;LA-01 Assemblage;Après-midi;ART-40120;Carter aluminium A20;480;40;32;18;15;27;0;9;1;15,0;4703;4651;20;32;4766;12;12;0;0
28/01/2026;LU-02 Usinage;Matin;ART-51210;Support moteur S12;480;114;38;0;0;23;0;16;1;9,0;2457;2439;7;11;2547;8;8;0;0
28/01/2026;LU-02 Usinage;Après-midi;ART-51210;Support moteur S12;480;40;50;37;10;0;25;0;1;9,0;2618;2560;23;35;2718;8;7;0;0
28/01/2026;LU-02 Usinage;Nuit;ART-51210;Support moteur S12;450;40;32;0;12;17;0;31;1;9,0;2532;2483;19;30;2661;8;8;0;0
28/01/2026;LC-03 Conditionnement;Matin;ART-62400;Kit conditionné K4;480;115;50;37;0;0;0;0;1;22,0;5718;5615;41;62;6081;6;6;0;1
29/01/2026;LA-01 Assemblage;Matin;ART-40130;Carter aluminium A30;480;40;15;0;6;27;0;30;1;12,5;4004;3927;30;47;4209;12;12;0;0
29/01/2026;LA-01 Assemblage;Après-midi;ART-40130;Carter aluminium A30;480;40;32;13;0;0;0;0;1;12,5;4221;4153;27;41;4494;12;12;0;0
29/01/2026;LU-02 Usinage;Matin;ART-51810;Support moteur S18;480;40;41;21;0;24;25;0;1;7,5;2159;2133;10;16;2164;8;8;0;0
29/01/2026;LU-02 Usinage;Après-midi;ART-51810;Support moteur S18;480;40;21;0;20;0;22;12;1;7,5;2641;2617;9;15;2679;8;8;0;0
29/01/2026;LU-02 Usinage;Nuit;ART-51810;Support moteur S18;450;40;0;0;0;25;0;9;0;7,5;2636;2620;6;10;2707;8;8;0;0
29/01/2026;LC-03 Conditionnement;Matin;ART-62600;Kit conditionné K6;480;40;21;0;0;0;23;14;1;18,0;5947;5917;12;18;6176;6;6;0;0
30/01/2026;LA-01 Assemblage;Matin;ART-40120;Carter aluminium A20;480;40;0;0;0;13;0;23;0;15,0;5666;5632;13;21;5819;12;12;0;0
30/01/2026;LA-01 Assemblage;Après-midi;ART-40120;Carter aluminium A20;480;40;21;24;0;0;23;0;1;15,0;5049;4942;42;65;5191;12;12;0;0
30/01/2026;LU-02 Usinage;Matin;ART-51210;Support moteur S12;480;40;36;19;13;0;31;13;1;9,0;2730;2683;18;29;2873;8;8;0;1
30/01/2026;LU-02 Usinage;Après-midi;ART-51210;Support moteur S12;480;40;32;0;15;0;0;0;1;9,0;3165;3120;18;27;3374;8;8;0;0
30/01/2026;LU-02 Usinage;Nuit;ART-51210;Support moteur S12;450;40;0;14;0;22;18;0;0;9,0;2771;2740;12;19;2752;8;8;0;0
30/01/2026;LC-03 Conditionnement;Matin;ART-62400;Kit conditionné K4;480;40;43;0;11;28;0;13;1;22,0;6944;6874;28;42;6971;6;6;0;0
